{
	"class_name" : "PinholeCameraParameters",
	"extrinsic" : 
	[
		0.33045795877496503,
		-0.023997296747565518,
		-0.94351558928885371,
		0.0,
		0.94337575964981391,
		0.039090902059122919,
		0.32941474994502085,
		0.0,
		0.028977811984690467,
		-0.99894746164401127,
		0.035556367749906469,
		0.0,
		0.82461903200955433,
		-0.18796876032933468,
		-2.7642207319715562,
		1.0
	],
	"intrinsic" : 
	{
		"height" : 972,
		"intrinsic_matrix" : 
		[
			841.77669247847439,
			0.0,
			0.0,
			0.0,
			841.77669247847439,
			0.0,
			863.5,
			485.5,
			1.0
		],
		"width" : 1728
	},
	"version_major" : 1,
	"version_minor" : 0
}