{
	"class_name" : "PinholeCameraParameters",
	"extrinsic" : 
	[
		-0.080454883849548242,
		0.46355089439750968,
		-0.88241009738557763,
		0.0,
		0.9946950859394128,
		0.09426900318899363,
		-0.041170876183749761,
		0.0,
		0.064099123806334868,
		-0.8810413857141004,
		-0.46867619844220582,
		0.0,
		-9.4949491778291257,
		1.9147229227127909,
		57.011541365638692,
		1.0
	],
	"intrinsic" : 
	{
		"height" : 972,
		"intrinsic_matrix" : 
		[
			841.77669247847439,
			0.0,
			0.0,
			0.0,
			841.77669247847439,
			0.0,
			863.5,
			485.5,
			1.0
		],
		"width" : 1728
	},
	"version_major" : 1,
	"version_minor" : 0
}