{
	"class_name" : "PinholeCameraParameters",
	"extrinsic" : 
	[
		-0.51596867376416566,
		0.52786722442786405,
		-0.67463510216180655,
		0.0,
		0.85649504164941881,
		0.30515511766477532,
		-0.41628907959848949,
		0.0,
		-0.013877007026311006,
		-0.79261374422717423,
		-0.60956614172554846,
		0.0,
		-5.7564896807524777,
		-0.88704431130344474,
		47.941664768917889,
		1.0
	],
	"intrinsic" : 
	{
		"height" : 972,
		"intrinsic_matrix" : 
		[
			841.77669247847439,
			0.0,
			0.0,
			0.0,
			841.77669247847439,
			0.0,
			863.5,
			485.5,
			1.0
		],
		"width" : 1728
	},
	"version_major" : 1,
	"version_minor" : 0
}